<?xml version="1.0" encoding="utf-8"?>
<extension type="module" version="4.0" client="site" method="upgrade">
    <name>MOD_AWW</name>
    <creationDate>8 April, 2021</creationDate>
    <author>Rahul Sani</author>
    <authorEmail>heyrahulsaini@gmail.com</authorEmail>
    <authorUrl>www.github.com/rs4231199</authorUrl>
    <copyright>[COPYRIGHT]</copyright>
    <license>GNU General Public License version 2 or later; see LICENSE.txt</license>
    <version>1.0.0</version>
    <description>MOD_AWW_XML_DESCRIPTION</description>
	<namespace>Rahulsaini\Module\aww</namespace>


    <media folder="media" destination="mod_aww">
		<folder>images</folder>
        <folder>js</folder>
	</media>

    <files>
        <filename module="mod_aww">mod_aww.php</filename>
        <filename>helper.php</filename>
        <folder>tmpl</folder>
        <folder>language</folder>
        <filename>mod_aww.xml</filename>
        <folder>sql</folder>
        <folder>Helper</folder>
    </files>

    <install>
        <sql>
            <file driver="mysql" charset="utf8">sql/install.mysql.utf8.sql</file>
        </sql>
    </install>
    <uninstall>
        <sql>
            <file driver="mysql" charset="utf8">sql/uninstall.mysql.utf8.sql</file>
        </sql>
    </uninstall>

    <update>
		<schemas>
			<schemapath type="mysql">sql/updates</schemapath>
		</schemas>
	</update>
</extension>